{
    "平江历史文化街区": [
        [120.62789746311971, 31.318362947813995],
        [120.63903399461326, 31.32015938076721],
        [120.64047165864135, 31.310571898073537],
        [120.63047238373579, 31.308536953071048]
    ],
    "拙政园历史文化街区": [
        [120.62636645511878, 31.32530580581009],
        [120.6319484335382, 31.325877998813244],
        [120.63198670997023, 31.3234093698434],
        [120.62717663943246, 31.32250473463629]
    ],
    "怡园历史文化街区": [
        [120.61997100455507, 31.30800059547171],
        [120.62213173511772, 31.308509331071463],
        [120.62243847766105, 31.30665551614407],
        [120.62030932353672, 31.30635103993437]
    ],
    "山塘-桃花坞-阊门历史文化街区": [
        [120.60552753734403, 31.308301838027646],
        [120.61159668309632, 31.309675953317882],
        [120.61105045997864, 31.31574256233883],
        [120.61812101478009, 31.31672770128215],
        [120.61608785095957, 31.32935212225853],
        [120.60825865293909, 31.327563549540123],
        [120.60704482378861, 31.324452907345492],
        [120.60385852226865, 31.323649308072582],
        [120.60364610216733, 31.31657215378971],
        [120.59612679647299, 31.322924091799557],
        [120.59089412977276, 31.325698540181357],
        [120.58167380963629, 31.33200239957793],
        [120.58414579342751, 31.33844453846515],
        [120.57808311752657, 31.338398304590587],
        [120.57721702096929, 31.333004196631155],
        [120.58349622114093, 31.3295672179039],
        [120.58829583998114, 31.325837260484768],
        [120.5975702908871, 31.32099734342119],
        [120.60287513268297, 31.31629591180645],
        [120.60507646193248, 31.311239684155172]
    ],
    "南泾堂历史文化街区": [
        [120.74172505021212, 31.64060034184464],
        [120.74466479268592, 31.640535754317312],
        [120.74471789771124, 31.639389318241715],
        [120.74167953161898, 31.639789765125098]
    ],
    "西泾岸历史文化街区": [
        [120.73590954858632, 31.644626255420615],
        [120.73905817043915, 31.643620109795272],
        [120.74088058194509, 31.64345881826105],
        [120.7407181888406, 31.640248290461464],
        [120.73787630951203, 31.640693777019134],
        [120.73748837042909, 31.639918014566838],
        [120.73449311983516, 31.64217615657636]
    ],
    "琴川河历史文化街区": [
        [120.74875083476473, 31.64017399505115],
        [120.74787107027066, 31.64280457703319],
        [120.74493136940018, 31.646969512962013],
        [120.74409452024727, 31.649271108030728],
        [120.74394431655317, 31.652029293717558],
        [120.7445451313296, 31.65297911355083],
        [120.74381557052965, 31.653070441869417],
        [120.74325767109437, 31.65188316672784],
        [120.74407306257669, 31.6478463178029],
        [120.74503865775314, 31.64583696113603],
        [120.74686255975304, 31.64315166215368],
        [120.74806418930595, 31.639589411170704]
    ]
}