id,p1-tree,p2-plant,p3-grass,p4-flower,Level_Diversity_richness,Level_Diversity_richness,Level_Diversity_entropy,TVF,GVI,H,H*(-1),M,C,C*(-1)
1(-90).jpg,0.6175580734243015,0.0,0.0,0.0,1,0.4294210349269027,0.0,0.6175580734243015,0.6175580734243015,-0.12926861228206782,0.12926861228206782,181.50484338429396,-23.46287922676174,23.46287922676174
1(180).jpg,0.3559941520467836,0.0,0.0030508853151397,0.0,2,0.5559527219212637,0.016850038024122327,0.3559941520467836,0.3590450373619233,-0.16735844546933656,0.16735844546933656,155.91118261437367,-1.1965759396398947,1.1965759396398947
1(270).jpg,0.4379670240415854,0.0,0.002081302794022,0.0,2,0.5402059470660803,0.00941468788967792,0.4379670240415854,0.4400483268356074,-0.162618193902959,0.162618193902959,187.39445548633557,-1.0459152248866712,1.0459152248866712
1(90).jpg,0.3909600389863548,0.0,0.0,0.0,1,0.5297144706034012,0.0,0.3909600389863548,0.3909600389863548,-0.15945994478888992,0.15945994478888992,178.968975774624,-28.53838299594572,28.53838299594572
